group_name,metric_name,model_value,history_value,extra_json
overall,auc,0.8762509381452553,0.8723088248496275,"{""cells"": 8275, ""blackspots"": 2350, ""positive_rate"": 0.283987915407855, ""history_capture_top10_tie_avg"": 0.32638297872340427, ""split"": ""features<=2021, label 2022"", ""min_crashes"": 3}"
overall,precision_top5,0.9854721549636803,0.9854721549636803,"{""cells"": 8275, ""blackspots"": 2350, ""positive_rate"": 0.283987915407855, ""history_capture_top10_tie_avg"": 0.32638297872340427, ""split"": ""features<=2021, label 2022"", ""min_crashes"": 3}"
overall,capture_top10,0.33063829787234045,0.3272340425531915,"{""cells"": 8275, ""blackspots"": 2350, ""positive_rate"": 0.283987915407855, ""history_capture_top10_tie_avg"": 0.32638297872340427, ""split"": ""features<=2021, label 2022"", ""min_crashes"": 3}"
low_history,auc,0.6596586727396443,0.5946704067321178,"{""cells"": 2416, ""blackspots"": 93, ""positive_rate"": 0.03849337748344371, ""history_capture_top10_tie_avg"": 0.14531202894181489, ""split"": ""features<=2021, label 2022"", ""min_crashes"": 3, ""definition"": ""<= 2 past crashes""}"
low_history,precision_top5,0.08333333333333333,0.058333333333333334,"{""cells"": 2416, ""blackspots"": 93, ""positive_rate"": 0.03849337748344371, ""history_capture_top10_tie_avg"": 0.14531202894181489, ""split"": ""features<=2021, label 2022"", ""min_crashes"": 3, ""definition"": ""<= 2 past crashes""}"
low_history,capture_top10,0.23655913978494625,0.10752688172043011,"{""cells"": 2416, ""blackspots"": 93, ""positive_rate"": 0.03849337748344371, ""history_capture_top10_tie_avg"": 0.14531202894181489, ""split"": ""features<=2021, label 2022"", ""min_crashes"": 3, ""definition"": ""<= 2 past crashes""}"
robustness_N2,auc,0.6279269266549763,0.6022376447924128,"{""cells"": 2416, ""blackspots"": 285, ""positive_rate"": 0.1179635761589404, ""history_capture_top10_tie_avg"": 0.1448871399683008, ""scope"": ""low_history"", ""min_crashes"": 2, ""overall_auc"": [0.8411423033701583, 0.843181837649086], ""overall_capture_top10"": [0.22467206251744348, 0.2257884454367848]}"
robustness_N2,precision_top5,0.175,0.125,"{""cells"": 2416, ""blackspots"": 285, ""positive_rate"": 0.1179635761589404, ""history_capture_top10_tie_avg"": 0.1448871399683008, ""scope"": ""low_history"", ""min_crashes"": 2, ""overall_auc"": [0.8411423033701583, 0.843181837649086], ""overall_capture_top10"": [0.22467206251744348, 0.2257884454367848]}"
robustness_N2,capture_top10,0.1368421052631579,0.11228070175438597,"{""cells"": 2416, ""blackspots"": 285, ""positive_rate"": 0.1179635761589404, ""history_capture_top10_tie_avg"": 0.1448871399683008, ""scope"": ""low_history"", ""min_crashes"": 2, ""overall_auc"": [0.8411423033701583, 0.843181837649086], ""overall_capture_top10"": [0.22467206251744348, 0.2257884454367848]}"
robustness_N3,auc,0.6596586727396443,0.5946704067321178,"{""cells"": 2416, ""blackspots"": 93, ""positive_rate"": 0.03849337748344371, ""history_capture_top10_tie_avg"": 0.14531202894181489, ""scope"": ""low_history"", ""min_crashes"": 3, ""overall_auc"": [0.8762509381452553, 0.8723088248496275], ""overall_capture_top10"": [0.33063829787234045, 0.3272340425531915]}"
robustness_N3,precision_top5,0.08333333333333333,0.058333333333333334,"{""cells"": 2416, ""blackspots"": 93, ""positive_rate"": 0.03849337748344371, ""history_capture_top10_tie_avg"": 0.14531202894181489, ""scope"": ""low_history"", ""min_crashes"": 3, ""overall_auc"": [0.8762509381452553, 0.8723088248496275], ""overall_capture_top10"": [0.33063829787234045, 0.3272340425531915]}"
robustness_N3,capture_top10,0.23655913978494625,0.10752688172043011,"{""cells"": 2416, ""blackspots"": 93, ""positive_rate"": 0.03849337748344371, ""history_capture_top10_tie_avg"": 0.14531202894181489, ""scope"": ""low_history"", ""min_crashes"": 3, ""overall_auc"": [0.8762509381452553, 0.8723088248496275], ""overall_capture_top10"": [0.33063829787234045, 0.3272340425531915]}"
robustness_N5,auc,0.7573556667593365,0.5790705217310722,"{""cells"": 2416, ""blackspots"": 18, ""positive_rate"": 0.0074503311258278145, ""history_capture_top10_tie_avg"": 0.13903311411099575, ""scope"": ""low_history"", ""min_crashes"": 5, ""overall_auc"": [0.9259362813499676, 0.9140359574840807], ""overall_capture_top10"": [0.5127245508982036, 0.500748502994012]}"
robustness_N5,precision_top5,0.03333333333333333,0.025,"{""cells"": 2416, ""blackspots"": 18, ""positive_rate"": 0.0074503311258278145, ""history_capture_top10_tie_avg"": 0.13903311411099575, ""scope"": ""low_history"", ""min_crashes"": 5, ""overall_auc"": [0.9259362813499676, 0.9140359574840807], ""overall_capture_top10"": [0.5127245508982036, 0.500748502994012]}"
robustness_N5,capture_top10,0.3888888888888889,0.2222222222222222,"{""cells"": 2416, ""blackspots"": 18, ""positive_rate"": 0.0074503311258278145, ""history_capture_top10_tie_avg"": 0.13903311411099575, ""scope"": ""low_history"", ""min_crashes"": 5, ""overall_auc"": [0.9259362813499676, 0.9140359574840807], ""overall_capture_top10"": [0.5127245508982036, 0.500748502994012]}"
second_split_overall,auc,0.8820684863935705,0.877675582551875,"{""cells"": 7686, ""blackspots"": 2515, ""positive_rate"": 0.3272183190215977, ""history_capture_top10_tie_avg"": 0.29227833001988074, ""split"": ""train features<=2019 label 2020; test features<=2020 label 2021"", ""min_crashes"": 3, ""caveat"": ""label year 2021 may be affected by 2020-era traffic""}"
second_split_overall,precision_top5,0.9869791666666666,0.9973958333333334,"{""cells"": 7686, ""blackspots"": 2515, ""positive_rate"": 0.3272183190215977, ""history_capture_top10_tie_avg"": 0.29227833001988074, ""split"": ""train features<=2019 label 2020; test features<=2020 label 2021"", ""min_crashes"": 3, ""caveat"": ""label year 2021 may be affected by 2020-era traffic""}"
second_split_overall,capture_top10,0.294234592445328,0.2922465208747515,"{""cells"": 7686, ""blackspots"": 2515, ""positive_rate"": 0.3272183190215977, ""history_capture_top10_tie_avg"": 0.29227833001988074, ""split"": ""train features<=2019 label 2020; test features<=2020 label 2021"", ""min_crashes"": 3, ""caveat"": ""label year 2021 may be affected by 2020-era traffic""}"
second_split_low_history,auc,0.640382326292039,0.5728196564037877,"{""cells"": 2484, ""blackspots"": 119, ""positive_rate"": 0.04790660225442834, ""history_capture_top10_tie_avg"": 0.13771147225409988, ""split"": ""train features<=2019 label 2020; test features<=2020 label 2021"", ""min_crashes"": 3}"
second_split_low_history,precision_top5,0.13709677419354838,0.056451612903225805,"{""cells"": 2484, ""blackspots"": 119, ""positive_rate"": 0.04790660225442834, ""history_capture_top10_tie_avg"": 0.13771147225409988, ""split"": ""train features<=2019 label 2020; test features<=2020 label 2021"", ""min_crashes"": 3}"
second_split_low_history,capture_top10,0.2184873949579832,0.10084033613445378,"{""cells"": 2484, ""blackspots"": 119, ""positive_rate"": 0.04790660225442834, ""history_capture_top10_tie_avg"": 0.13771147225409988, ""split"": ""train features<=2019 label 2020; test features<=2020 label 2021"", ""min_crashes"": 3}"
bootstrap_low_history,capture_top10,0.23655913978494625,0.14531202894181489,"{""B"": 2000, ""seed"": 42, ""n_cells"": 2416, ""n_blackspots"": 93, ""model"": {""point"": 0.23655913978494625, ""ci95"": [0.15595310907237514, 0.326988636363636]}, ""history"": {""point"": 0.14531202894181489, ""ci95"": [0.1207020338075711, 0.170027852052671], ""note"": ""ties in past-crash count broken at random (expected value)""}, ""difference"": {""point"": 0.09124711084313136, ""ci95"": [0.01483579217444841, 0.179827717045519], ""share_resamples_model_better"": 0.99}}"
